PC1,PC2,cluster,churn
-0.07996181833095273,-0.43702516981436207,0,0
2.389626265469513,-0.12189439300014361,0,0
-1.7567107281995837,0.18347129334338738,0,0
0.06800224302542178,1.7076615789419274,0,0
1.6197122451376063,-0.3298006891183497,0,1
-0.039774179916667395,-1.2145298285961583,0,0
1.4228496637840824,-0.27594303420861566,0,0
-0.7030896860421793,0.5670895724756566,0,0
0.3387090325791521,-1.8679553190038642,0,1
0.7270726652371654,-2.391921895589231,0,1
-0.45007889392876005,2.162877171930457,0,0
-0.4394760072223548,0.041709452640674,0,1
-2.2267441544689905,1.5420129776007088,2,0
-1.2799866563343023,-0.6911822605572826,0,0
1.5102263992333205,1.3693670161022875,0,0
-1.3893311102473183,-1.7473998118980758,0,0
-0.17273660241252994,-1.957075564914859,0,1
-0.7779906125103637,1.3400381107446933,0,0
0.202827414610133,-1.0693545588830773,0,1
2.1132095590367763,0.49024200617396385,0,0
0.5552166014879645,0.4708991832259098,0,1
0.18202480756506081,-1.7318250843714509,0,0
2.395315394804737,1.6363961046017101,0,0
0.6772654657606819,-0.17481753220812352,0,1
1.561231384781799,0.34309478337401705,0,0
0.30731923949406437,0.26706676657695133,0,0
0.5650619615751644,2.1989924092057587,0,0
1.8006987686678702,-0.23225708130863,0,0
2.2411486527682736,-0.6034905198816883,0,0
0.7806476319897906,0.9753878077336618,2,0
2.724358331277093,1.161438912883187,0,1
-2.0600185547819874,-0.8664045700238914,0,0
0.02838484987225857,0.9397031064266439,0,0
2.404402832403836,-0.049122504684049335,0,1
2.263795532950119,0.23811716791004012,0,0
-1.2303260484644725,-0.19586973395470877,0,0
-1.743831179770612,0.5537596263949711,0,0
-1.858768214163581,-0.7561313647670526,0,0
0.4438447733162799,1.3828648248609867,0,0
1.941311472328507,1.2789726668850803,0,0
0.8684608730907821,-0.8267056449037541,0,0
4.233451671506828,-0.18530529825932632,0,0
-0.8447791186126837,-0.7320206436640511,0,0
1.7856437292498415,0.21636598365739518,0,1
0.6105248118941382,0.3167335087291864,0,0
-1.1050038030583162,-1.046202304396069,0,1
0.7594251193786675,-0.9692672634668539,0,0
-0.5870237065856017,-0.9023416327110912,0,1
-0.42744983998856595,0.835153777610082,0,0
0.8969609508538011,1.2075391178106898,0,0
0.32138686178746717,1.3087894210017434,0,0
-0.9307052283755568,-0.5930450212478432,0,0
-0.6614819307556484,-0.6566160769544317,0,1
2.2500265700465616,0.444780173477698,0,0
-0.7289552731836443,-2.242896979956731,0,0
0.36087408508728036,1.3994121274093823,0,0
-0.6605561361661298,-0.8767797170220243,0,0
0.585304593032563,0.5106757574930093,0,0
2.5825651363982076,-0.17109075419225248,0,1
1.0492009881511737,-0.9486322464468654,0,1
2.7021501702389963,-0.2649927067620956,0,1
1.1182603289122848,1.7114149650547792,0,0
-1.7938750825347891,0.22405223316193315,0,0
1.8455140436611503,-0.8015407089223804,0,1
-1.1641798099931246,2.346199259789095,0,0
-1.531760981388032,1.3551285068922418,0,0
-0.1336233786427671,1.2965352639620518,0,0
-1.305142456725964,-0.5047000631869857,0,1
1.0780688168812744,0.43286023227071363,3,0
-0.24301333338251382,0.3652207055894424,0,0
-1.8395288651727224,1.162411846922177,2,0
0.871659627765549,0.831269837063088,0,0
-0.5243810380164652,-1.9156547178388645,0,0
-1.47440751569419,-1.0659268783751852,0,0
0.7682805977298008,-0.06094714837906141,0,0
-0.032681980804577196,-3.262735714635609,0,0
2.8138455485480947,0.2503369418551531,0,1
-2.4625527582275475,1.2223189035823803,0,0
0.45960648013202043,0.755874774557004,0,0
-1.5568743777399856,-0.8047047346801675,0,0
-1.1007960364281335,-2.5937640012954732,0,1
0.7245872813166884,-0.5960093244236768,0,0
1.1904509371425855,1.3204787936118014,0,1
2.0898170531582574,1.0125993737346186,0,0
1.6324694918635,0.6404265932290427,0,0
-1.5372071767935769,-0.4253428518716917,0,0
-2.088839020044077,-0.5294298704767009,0,0
2.6007671017146987,0.4501989593588824,0,0
0.16734220619155493,0.04359999805419714,0,0
1.1167965892812104,1.7929170871835511,0,0
-1.6194570807955626,-0.24820059425281754,0,0
0.9288626036555411,-0.5669623682644422,0,1
-2.0568625970189025,-0.07303204028806702,0,0
0.4801415291212495,-0.7397241858934827,0,0
-1.6916348828459964,-0.6535399356925362,0,0
-1.3463676630538228,1.549566970945473,0,0
1.3869769080898553,0.4783306998235975,0,1
-0.037790421739647743,0.2873176945719909,0,0
-0.6725991607194094,0.316269821255312,0,0
-0.9420119804617563,1.2526353267232744,0,0
0.42343343492379604,1.7949183604601637,0,0
-2.1018767779872367,-0.0648452117573557,0,1
-1.805303613977034,1.5928656955274403,2,0
1.9447322146010726,-1.374445862980028,1,1
-1.121405165457639,1.1104952424420687,0,0
0.2630766632040736,0.41095924042183046,0,0
4.059547346177568,0.21171446872785957,0,0
-1.1411440210721464,-0.665159932298167,0,0
0.9945268482636052,-1.4148080231839415,0,1
-0.07448009801521908,-0.5831290123877275,0,1
-0.6513404392636312,-0.8202332000440443,0,0
2.0026529585333104,-0.25093565990214733,0,1
-1.4934223246990042,0.5913326253495769,0,0
-2.2739014182367607,0.6830061667307716,0,0
2.8083242658145715,-1.1755923185891877,3,0
-1.2100330963580452,1.3983189705419072,0,0
-0.42321331824311215,-2.3339292065566775,1,1
0.9224689779366545,-1.6348855564994669,0,1
2.4179289048364474,0.8023806567273523,0,0
2.717423748511711,-0.25367874688167563,0,0
-2.5658414455816323,-0.1360612188323008,0,0
-0.5770146600969455,1.9692653882549729,0,0
1.2503460943317468,-0.942329767395265,0,0
3.0345073183165128,0.6021438814324308,0,1
0.7012316186592843,-0.0495433170122517,0,1
-1.5415764832755439,-1.2076854789759432,0,0
-2.5133997493899516,-0.266489040093108,0,0
-0.36777431099632896,-0.7757990522971537,0,1
0.3225580385595468,0.29774263523799616,1,0
1.3176803996000974,-0.4338462981517798,0,1
0.03503065178432377,0.28737847762388286,0,0
1.003693312176661,0.3164452715559399,0,1
-0.2512704472598048,1.8779590672977164,0,0
0.11602630440951218,-0.6950475496353494,3,0
1.3262074530241708,-0.34379087769890304,0,1
0.6350598305744144,-1.0684367322256185,0,1
2.560681112562266,1.6424539663402304,0,0
0.46168801652136365,1.1234177196353061,0,0
0.5811037374677328,0.3019977013314263,0,0
-0.9120883334283646,0.21012255224928705,0,0
-0.18509020729457049,-0.9018056908761585,0,0
2.8236195792447254,0.6858188525585129,0,0
2.254645878258256,0.346056115638059,0,0
-1.4914692120539974,-0.42112725775747817,0,0
-1.001658344647042,-1.7346147734626411,0,0
-0.03243233464453905,-0.035467387170395985,0,0
2.726203734423021,-0.6977992992864643,0,0
1.4995314315022568,0.4250202884045664,0,1
-1.561442996987972,1.4270129851025275,0,0
-0.33789504406257687,1.363395499848993,0,1
-1.5132574479888579,-1.994809953916777,0,0
-2.3327248182932316,1.3322839378849376,0,0
-0.9766814460348755,2.3210251423923163,0,0
0.2781955721777842,0.15381077306095886,0,0
2.0207947124110737,-0.0001950090016224633,0,0
-0.31579139581344134,-1.3851937552351117,0,1
1.848181677960935,-0.13812343344257455,0,0
-0.3920060455707471,0.08763308824993865,0,1
2.1511946756008786,0.6773503522629278,0,1
-0.2673211808258706,0.5586203129038756,0,0
-3.2113147988730724,-0.1588332275076961,0,1
-2.030844320641182,-0.5290467621155597,0,0
0.3027287114519295,-0.4417911494225747,0,1
2.3166474712069736,0.5127169897168841,0,0
1.8966552758534887,0.009516769694574616,0,0
0.12154504588429123,1.1082601568266102,2,0
0.2742324471128744,-0.4108937517804134,1,0
1.385116025085986,-0.6731345447394347,0,1
1.0835926340052044,0.1903575090891885,0,0
-1.1297321661283832,-0.3750625074946967,0,1
-0.8920491373632992,0.9170788854455456,2,0
1.1424012762499427,0.4166386936001968,2,0
-0.6009119035366788,-2.050864582116427,0,1
-0.9623238279006864,0.3698062962508825,0,0
-0.5110882956186682,-0.7423336529026298,3,0
-1.1781756507202872,2.17440681646824,0,0
-1.0240661358907819,1.2879722330037264,2,0
-1.297205874879028,1.067224050910069,0,0
0.45424227735698713,0.6096536003338727,0,0
1.482093256113436,0.540258991446915,0,1
-2.533168616688226,1.1157001515768428,0,0
0.012255232437243802,-2.6523766574900445,1,0
-0.22126829402292728,-1.5842663801320658,0,0
-0.5545917490132987,2.242300602217456,0,0
-2.3944666741190987,0.7219232002383879,0,0
0.5154569498771281,-0.8289519395519778,0,0
-0.8911885785595378,1.7213558384514434,0,0
0.6016271380552022,-2.4780429294354467,1,0
2.484345347995898,0.3569502649445135,0,0
-0.44128783899472107,-1.4755079555876633,0,0
-1.0486119137776835,-1.003640586551586,1,0
0.02901099760985863,-3.104739086463248,1,0
-0.7407455304771391,0.25801233707154486,0,0
0.6050810399980815,-1.3081292452451263,0,1
-0.20961946723894925,-1.9510794367348314,0,1
0.3319000209279932,1.3771135942639305,0,0
-1.1267147571295888,0.11349211291500037,0,0
-1.2300905808819675,-1.596758018123482,0,1
0.9822785870344557,-0.16817506906033275,0,1
-2.1625705911279316,0.8953073209209624,0,0
0.592725787575112,0.9038869111478219,0,0
-1.5900499706254059,1.1180432542639174,0,0
-0.7197617546242685,-1.1538566814673903,0,1
-0.52318391211777,-0.060192451062151854,0,0
-1.9545887596288838,1.215053191561412,0,0
-0.6347674841084335,-0.8181051403860815,3,0
2.51188833248435,0.5448671103033079,0,1
0.4776500611534642,0.2728913802178696,0,0
-0.5706114318680262,1.024867585305645,0,0
-1.0711931875271208,0.45560475235128106,0,0
2.048575951925128,0.15754239671898704,0,1
-1.0816757448740262,-0.22199551141553145,0,1
-0.928556510841315,-0.7349086360915938,0,1
1.2909523614421445,-1.4685175976090663,0,1
-0.11465275511909584,-1.0730652353038626,0,0
0.7069245280403311,-1.5464592115937998,0,1
1.8405428549174971,0.911489240654116,0,0
-0.21419457409501283,1.779673772237091,0,0
-1.2295841691929033,0.40868748279021866,0,0
-2.429735738884739,0.4365319844398276,0,0
-0.2979649360243498,0.7391395372050048,0,1
-0.03078909807605422,-2.813784886758135,0,0
-2.1163679944644698,-1.115354642870763,0,0
0.7771584856013133,-0.4057720602027522,0,1
-1.478651627776279,0.7264742776308067,0,0
-1.213109395805405,-2.3818924138867557,0,1
2.1211352406815474,-0.04622277410586629,0,0
-3.1952807860456565,0.1112177808294157,0,0
-1.652880197163279,-1.1912471181980542,0,0
-0.24394856308389137,-1.2811519084585454,2,1
0.1584242216745502,0.09650925483381931,0,0
1.260316720334539,-0.1460472817784058,0,1
-0.6015753128098797,-0.2558746172310829,0,0
-0.35854376717356234,0.9855490286986386,0,0
2.025582838064164,-0.3230844880188711,0,1
1.6213154401521082,-0.6833824609178389,0,1
-0.35038700090945074,0.6405205318945992,2,0
-1.7391654377920405,-0.19644184735829714,0,0
1.6585258286792617,0.691580592145619,0,1
-1.4602903569879881,-1.5831631532270534,0,0
-1.1884944263355182,-0.83110159571135,0,0
-0.09385206747056529,-1.031932219745547,0,0
0.3131620728777634,0.640022405448997,0,0
1.105616894780197,-0.5560786607826562,0,0
-2.508943327782993,-0.43832116097011264,0,0
0.13160132237328007,0.6080515910286561,0,1
-0.7560791072700074,0.26739355859830755,0,1
-0.15993007847643773,-0.5930834836158085,1,0
-0.8892611215028745,-0.601391762475521,3,0
-0.49861280281822795,2.043028516861787,0,0
-0.8750554310690859,-0.12063477961857492,0,0
0.21751045754421047,1.139674957214227,0,0
1.0312449639874093,1.9498746650285956,0,0
-0.7576509143132741,0.6839382445136791,0,0
-0.6271017645147174,-1.4704418888418325,0,1
-1.5028505359121245,-1.9382319363958362,0,0
-1.2196646403039162,-0.3378175490310611,0,1
2.397419705926369,0.5786700810115584,0,0
1.21242630216353,1.8282775359333803,0,0
-2.162836133499417,-0.012124181672710446,0,0
-0.5577227333524797,0.5243339937067741,0,0
-0.2336883674450132,-2.2746624395356005,0,0
-0.9765280681126157,1.787157475522042,0,0
-0.13435053314890016,1.907973629347618,0,0
-0.8180467438539425,0.1813951017616188,2,0
0.9096419847495574,0.6536390997877235,0,0
-1.516739758615688,1.1483276551453712,0,0
-2.1372437406269142,-0.759962028478953,0,1
-0.08518612604516276,-0.49818409270173264,0,0
1.9656073155087819,-0.54125122608476,0,0
1.5359087818493242,-0.5485786898575691,0,0
0.6354240887042838,-1.0018569055948423,0,0
0.9593352081008868,0.012403342435555822,0,0
0.17896868834651974,-0.3244426485235945,3,1
-2.646039389418565,-0.2462027121675744,0,1
-1.1561755699733776,1.1243649378920917,0,0
1.5043420143030668,-0.013800934483304805,0,1
0.6589786284527324,1.297870925698972,0,0
-0.9166014233091533,2.7559406828826587,0,0
-0.6312328958508734,-1.0827318856754335,0,0
1.2160006011357773,0.7615336350130495,0,0
2.0892395904524657,-0.8637333481576198,2,1
2.0339033621051823,0.15902447608592324,0,0
-0.7788609352145079,-0.5723249983122539,0,1
0.05135891134643057,1.7377436632124996,0,0
-2.3562976221734058,-1.5565564634307802,3,0
-0.5149213690659017,0.6109835052061903,0,1
-2.153064360590367,-0.03549209193505523,0,0
1.7608315751570738,0.7926069114351939,0,1
-1.2401087801727726,0.1899539645661172,0,0
-1.745075117990051,0.8749382894141642,0,0
-0.6382441715702374,0.3516510568363306,0,0
-0.05108995476167026,2.0597823209369817,0,0
0.5711716426260794,2.1008322885660857,0,1
1.7884239181790158,-1.0149354268173056,0,0
-0.6967271468951565,1.6562770068608081,0,1
2.5708059992838943,-0.6623078887445125,0,1
-0.09903649344564724,-1.5781339967980113,0,0
0.626847886188138,1.2372057985072527,0,0
0.7516589313090031,-0.466823256985764,3,0
2.266994201958849,0.18946954462458868,2,0
-1.2332036502667918,-0.5090684893456175,0,0
2.0009118345033494,0.005690135929692361,0,0
-2.169350949731285,0.42432710832929993,0,0
1.197536755215239,-0.6049562774031393,0,0
-2.353691250388383,0.29678101531480117,0,0
-1.7199402944180273,-0.005742343957653853,0,0
2.6934544843328814,0.4310449015456234,0,0
-2.2225864713319785,1.3850287039148637,0,0
-1.5253353211489153,-0.9538927291711773,0,1
1.6270941038019613,1.0002157785841101,0,1
0.2404604173533168,1.6037858016268975,0,0
0.5793076385607125,0.67601812695292,0,0
-0.38277394155991984,-1.5520148903344466,0,1
-1.8390164521324632,1.4642983449214173,2,0
1.9334224337494916,0.11578669612289592,0,0
2.1366009408681226,0.1252634776673668,0,0
-0.23665579182866706,-1.3219774051056605,0,1
-0.6560173896409897,-1.1269166343435226,0,0
-2.891657731287979,0.6821346379108941,0,0
1.2225886935713297,-0.4908262832041858,0,0
0.4780784393071773,-1.4121971360585708,0,0
-0.7409680230673277,0.5415897663858744,0,0
-1.468540350992257,-0.18325892692264903,0,0
-2.0645850130871635,-1.072943219584315,0,1
-2.8513957566030275,0.7888801915746837,0,0
-1.0244998505390661,-1.7430171187651151,3,1
0.6125804184808038,-0.4458919537168754,1,0
0.4358154334326053,0.26168288212491286,0,0
0.3763291570849474,-1.0366222960637081,1,0
-2.2169412747434647,0.5700181086519662,0,0
-1.9302006071994446,1.68693039203559,0,0
-1.2416582639687708,0.06838275184544097,0,0
2.0578087635843265,0.26390587816025257,0,0
-2.7295502473787585,0.8478920567816755,0,0
0.5471642843699852,-0.35563080608664954,0,1
-1.1894717481784665,-0.7317214507528293,0,0
1.028792161997405,-0.728097191808727,0,0
-2.0128941880126106,-0.8496906889550054,0,1
0.03977830904330494,-1.562832683394453,0,0
2.8372277694306924,0.2635889337098315,0,0
-0.7694036624275755,-1.6507885855203408,0,0
-1.809950711349041,-0.8154067311780232,0,0
-1.1738836282624763,0.10514231072103065,0,0
-2.117508028028366,1.0057502301427828,0,0
-2.6903213086996254,0.4101057892395028,0,0
3.235877012496541,-0.13692063196822954,0,0
-0.8897621466735882,1.0370518109833269,0,0
-2.0233293056560275,1.420288465798091,0,0
0.10052627005817202,-1.7364822026073972,0,0
-0.5216689772594777,0.6696777171133224,0,0
1.8124392877483937,0.5443819353348206,0,0
2.575650100990702,1.0377871090837107,0,0
1.8393628612052244,-0.84491785354779,0,1
-1.7776170085284606,-1.7257049834619573,0,0
1.0404569494010132,0.2791210218894503,0,0
-2.943785297467099,0.6336316619918447,0,0
-2.1319412925532153,1.4957949819306275,0,0
1.0774823599658687,-0.22440403778681345,0,1
-0.9640130332946742,2.6614058736958905,0,0
-0.44366566597169155,0.37976530709976825,0,0
1.7780794134996596,-0.8303812102545827,0,0
0.5568763392492677,1.8582688912507876,0,0
1.7158137530001905,-0.08170564797279346,0,0
-0.10243941128175735,0.9670907792574369,1,0
-1.216897294113301,1.3520717728909915,0,0
0.2841558191669866,-1.495103775946509,0,0
1.7339484403044747,0.3318187523227568,0,0
1.68133375157626,0.7847357300165372,0,0
0.7819535808705368,-1.7467838864123642,0,1
0.4237906594892432,-0.9244460770779876,0,0
-1.3873580236189393,-0.25514310270028673,0,0
1.4192049915507599,0.6334686382102914,0,0
3.220732532944419,0.5772423628582342,0,0
0.11663020700054268,-0.8905745540418322,0,0
-0.9183506917070646,-1.830547794486321,0,1
-0.5353439558437372,0.22087025511725777,0,0
-0.04646196920332045,0.19365335326195152,0,0
1.5181593601386245,-1.6191169345123118,0,1
-0.21389444714695421,-1.1392770559237668,0,0
0.2821467998139096,0.4052129510722151,0,0
1.3030972028793575,-0.2372550731026377,0,1
-0.9328679311931644,-2.17793220805889,0,0
0.7901237757770143,-1.1144914478036319,0,1
2.2489586268920654,0.09167580436893773,0,0
-0.9806342873969238,0.027778486025474315,0,0
0.6005601825480139,0.5571937917118321,2,0
-1.3450288729571314,2.0070076243742645,0,0
1.7828847591772001,1.2501662082249005,0,0
-1.5289847966506571,0.41816022803347863,0,1
1.689694606965636,0.6353477270263624,0,0
-1.3849946369927055,0.2400732719703429,0,0
-3.182804295844187,0.06974430743710908,0,0
-0.2684257007789632,1.235880222325754,0,0
1.6271054758544738,-0.44537289170684985,0,0
-2.2957214119643554,1.3904137215026595,0,0
1.4073287100244158,0.3976875745985454,2,0
-1.5061227846268004,0.21162521392596984,0,0
-0.8427124065445681,2.3506577208580532,0,0
-1.178782942648163,0.1356143812282287,2,0
1.3055660171234875,-0.4573876651060115,0,1
0.8355117731309456,1.8029892403013006,0,0
-1.4555158428615864,-1.5158298157742014,0,1
2.7557994324785957,1.0545144211169608,0,0
-1.793736902133663,-0.3537616521414132,0,0
1.4445799877061036,-2.044995871145594,0,0
-0.40060100865678105,0.3373471543049694,0,0
2.8062851688927113,-0.8708081525548019,0,1
-0.9246434738157143,-0.9515065104424818,0,0
-0.14027867518006354,1.4858765191862178,0,0
-1.0910219477733198,-0.2495568492874863,3,0
0.5811825477685011,-0.4329081312753675,0,0
-0.33921661463469743,1.528284494786614,0,0
1.0247365441345633,-1.1080916639844647,0,0
3.4353132278487157,0.003694852017761467,0,1
0.36986137718230494,-2.4054772537123585,1,1
-1.2405127093233481,0.4761908025548507,0,0
-0.899409128106409,0.9190823465200296,0,0
1.5328526191019134,-1.2430364274480807,0,1
0.7416724801079242,-1.5574157132702808,0,0
3.299765534860755,0.9252318896182258,0,1
1.563628853416629,0.7144067308615188,0,1
-2.053653403228377,1.7383552720067477,0,0
1.8397588336956743,1.007327951150681,0,0
1.0538163056475605,-0.44393757344510315,0,0
-2.139527146993183,-0.1633208504495782,0,0
-1.6614224634515868,0.9911467518955079,0,0
0.8039450479611507,-0.4508797111696172,0,0
1.380635375452846,-0.7182683057636818,0,1
2.347587215187519,1.1554567030631173,0,0
0.7416943652995199,0.761807535731906,0,0
0.8039865609824816,-0.23438054464078675,0,0
2.7554673336262696,0.3133078851984652,0,0
-2.6187522433531436,1.0564938091263025,0,0
1.220834667348107,0.16793517962882887,2,1
-0.068481785716412,-2.08497790067409,0,1
-0.18851336557712925,-1.1637613560223083,0,1
3.165379997018806,0.21486190630120652,0,0
1.9421119465953265,1.3488625006528756,0,0
-1.3564159761343422,-1.145582749506946,3,0
-1.8211687394872722,1.0272627512586117,0,0
-0.20335937007430718,1.8515164082379727,0,0
-0.6753198499781979,-0.3376812525490421,0,0
-0.8204260468431941,1.2501655442493371,0,0
-2.086115783855017,0.08682761269363305,0,0
0.1178314172939095,-0.938651400145102,0,0
0.44776568836416264,1.1403079756456824,0,0
-0.9009611358581173,-1.2914948720782302,0,1
1.1998751735513185,-0.9640870839303879,0,0
-1.214574577011448,-0.2711915867266883,0,0
0.7208657296422664,1.242357544209323,0,0
1.7707159341080347,0.8064991849241228,0,1
-2.0275890957170035,-0.3073103444495546,0,0
1.5232595571261098,0.21802423222310408,0,0
1.2356087343439008,-1.39233841626407,0,1
2.1045125711493133,0.0846567884793631,0,1
2.8742317472456347,1.146230532009648,0,0
0.8346966001153334,-0.4947458027867525,0,0
1.1596024672118603,-1.784758777231126,0,1
0.3326914828825025,-0.85766151169171,0,1
-1.4233554594374025,-1.6220244895852822,0,0
-0.4619771917543327,-0.6338059655250845,0,0
0.867046385127602,1.7746630384283237,0,0
-1.2181390480549654,0.8262331883235853,0,0
1.8769350257910018,0.5636845416844689,0,1
-1.088582799053355,-2.5327465368688573,0,0
-2.295832443845184,1.245588211023586,0,0
0.732799594650809,0.38951493466745896,0,0
1.1405328869172537,1.5031318028853655,0,0
1.2534703855818226,2.1571419141722235,0,0
-0.3665294219828246,0.11497972818442777,0,0
-2.632918487718922,0.4128747984936353,0,0
-0.01431641703837399,-0.4890497816627592,0,0
0.38568739206302666,-1.0107223252913655,0,0
-0.7756587521497236,1.0119241125566873,0,0
-2.269001135314887,-0.7947421192948805,0,0
-0.28694308652918266,0.5764483528820058,0,0
-1.5326225385408268,1.706179829593271,0,0
-1.6452604613649564,1.970340333694026,0,0
-0.3652588581351137,1.7012842647214605,0,0
-1.0553208582947806,-0.9225778592865509,0,0
-0.03771755766307111,-1.5759610938834505,0,1
-2.5799507216807744,1.092213686802097,0,0
-0.9101959150746272,-0.8956343665730825,0,0
-2.138114849012648,-0.6894557402666682,0,0
-2.4962837887441505,1.3632261184334937,0,0
0.10018227062390705,-1.1521817180716187,1,0
3.101651234122303,0.6787001976400857,0,0
-0.705870237333711,-0.4827709718797327,0,0
-2.193612901397298,0.8835812075764482,0,0
0.8478589238647142,-1.4027775745232955,0,1
-0.3317817144493247,-1.87882257927645,1,0
0.41867776827447317,1.0039028416326048,0,0
-0.3714491821973274,-1.4615415560820577,0,0
2.213527013234863,0.3221005906974255,0,1
0.2052331640504477,-0.5818505263877711,0,0
-2.3371052432630535,0.22385789583852825,0,0
-1.2726572671560432,-0.3434471915094378,0,0
-0.48519150789886456,0.9954283511843135,0,0
-1.10510687551163,-1.9231004033076144,0,0
-1.29093531021499,-1.8822271695113868,0,0
-1.7083084463769513,-1.480928379894677,3,0
-0.9814208813578916,0.8143996843587268,0,0
-0.5544728954664548,0.34857337813992173,3,0
0.6009804558346297,-2.3966752821398596,0,1
2.292755732458763,-0.047377960414309785,0,0
0.5545502956416286,1.870224171672445,0,0
1.4305678877580423,-0.14545430771396725,0,1
1.4665209239009969,0.6827259922955953,0,0
2.3265264142620907,0.46566030460299335,0,0
1.0895985338208996,1.7180669089020388,0,0
-0.6525191913024772,1.65350277029223,0,0
-0.1473517148826902,1.4399424499960298,0,0
1.2635798091379478,1.5873261243650911,0,1
-0.8384020925437201,1.42120117369388,0,0
-0.3166599886089906,1.1087223641313009,1,0
-0.23988691400842843,1.3083698894570552,0,1
-1.251034315651111,0.48377842309052577,0,0
0.4260325250255292,-2.278446013927069,0,1
-1.8879023365305094,0.031482640581527034,0,0
-0.9800453263212039,0.17586103402454692,0,0
-0.14220617869732965,-1.3559474109196958,0,0
1.2744316810861587,0.9414385622205765,0,0
0.8691199654272436,-0.09478907868107024,2,0
0.6775725335650546,-1.5549020214832094,0,1
-0.6043059997704745,-0.12454626718702198,0,0
1.1196215384090242,-0.6107340852642006,0,0
-1.7840381548160202,1.0003830177199406,2,0
2.2376736647038156,-0.06986298304935826,0,0
1.9687905310155682,0.733872114097548,0,0
0.6890833318390351,0.8064998496768152,3,0
0.5987029419466047,0.8255603495836035,0,0
-1.7691875825309522,-1.4246990258715073,3,0
-1.7169358113188893,1.1974251650670442,0,0
-0.38094794810385707,2.5688696218579463,0,0
2.2265572846396693,0.48995662653998207,0,1
0.015836248882484055,1.0794030481947663,0,0
0.6974616798622648,-1.342121432664389,0,0
0.35394275370829636,0.8072871399369528,0,0
1.1496968145995412,0.3296498836951018,0,0
1.9669815958899204,0.18781172203713623,3,0
-0.09992372800785874,0.879286575443547,0,0
2.9503762243150375,0.7269191639006091,0,1
-1.2525388613539579,-1.3705764924295325,0,0
-0.03930940084729615,2.304601649288703,0,0
0.4053251161124273,-0.24782304992163315,0,1
-1.589118357192563,-0.43653986428806085,0,0
-0.7377358451521174,-1.153853197363186,0,1
1.5942091830876015,-0.676394708422198,2,1
1.8121478373131157,-0.44323815408156164,0,0
0.08113761116693197,-1.4021008048792283,1,0
-1.236652285560888,-2.111714339017079,0,1
0.43790994028647773,1.0516530811973754,0,0
0.0546752435237235,0.9540606890544487,1,0
0.3031595097601746,0.31022868926697716,3,0
-2.929610863456331,0.17164747947672268,0,0
-2.0728455318285604,0.5809959697834274,0,1
-1.4108532469428483,-2.049583397216572,0,0
-0.03662093437488402,0.8095870038727191,0,0
-1.8845814606693922,0.054988187837000616,0,0
2.5834587577679518,1.1718866405264239,0,0
0.9801849874304024,1.5106712471863672,0,1
-0.29229411044982556,0.7436179075422618,0,0
-1.493453682067588,1.5490517717116288,0,0
2.751130792618261,-0.3234066868480187,0,1
-2.184287471295078,1.5628094939487422,0,0
0.018435321995680196,-2.4500831264255014,0,0
1.4188992578002448,0.35556783293499,0,0
0.25130686225504456,0.8207887495281214,1,1
1.436464933870275,0.021632865508331087,3,0
-0.007197516904721327,0.4979588223580711,0,0
-0.4593782168989938,-0.7413912657879124,0,0
0.8954997305452034,-0.2873689138393269,0,0
-2.8194348740047697,0.8958343991373138,0,0
0.5409546440918744,0.3292767185912324,0,1
2.0687002433779784,0.21180946224293382,0,0
1.3374074434291918,-1.9423735537231854,0,1
-0.22563638510597017,0.07676004907573165,0,0
-1.4634197639981599,-1.7562766425303291,0,1
-1.0753587454468023,-0.5737175267562694,3,0
-1.679127551877589,1.1440249107297975,0,0
-0.7973256145483889,1.5727581209145984,0,0
-0.5044495403897008,0.2533114165612616,0,0
-0.334568339529827,-0.23662305006285303,0,0
2.0764616674964964,-0.46036365675939805,0,0
-2.5915264380498417,0.043519791909792015,0,0
1.7145248096500838,-2.3179723534463323,0,1
-1.2608991458746843,-1.8806901823640512,0,0
0.18954413216939558,1.7753618448049844,0,0
2.3588919496872784,0.8366748234667366,0,0
-0.2243187357855197,1.088631797154276,1,0
0.5506653260106587,1.4290260283773488,0,0
-3.1777663184261242,-0.499790344162816,0,0
1.9219124963061198,-1.2203068296187403,0,1
-0.4054928798245023,-0.2574900823222584,0,0
2.6670657172547716,0.5753450531569461,0,0
-0.24941140619222502,-1.2536198383232533,1,0
-0.2595296462231855,0.9229442394480374,0,0
-2.888323591254369,0.8424674176815248,0,0
-0.5148537941410938,0.6252220160012459,0,0
0.7192689632182823,0.8731544787439074,0,1
-1.2991721689314077,0.7867706017387484,0,0
0.554925353436481,-1.7565175593751483,0,1
-2.638415473461314,0.46233422952049913,0,0
-0.11916865098906253,1.4021632385206082,0,0
-0.15394075865527154,-0.5630885797209877,3,0
0.7623594484115211,-1.4029517932121671,0,0
-1.837690831460922,1.474393238387755,2,0
-0.7790978981383138,1.5057664106678852,0,0
0.20557809266098678,-0.4223260121030516,2,0
1.6199960212408673,-2.0833108106477694,0,0
-0.7308007043028975,-1.3465857070470078,0,0
-0.4558147552562023,0.4911150586900027,0,0
0.8936404414773881,-0.1744910981946601,0,0
-0.8067405820307485,1.3718589948149789,0,0
-0.7604092706011617,-0.009597907303785158,0,0
1.0498773600312552,-0.3800893486747437,0,1
1.8760717630535395,-0.5646988559172801,0,0
2.0213007171049906,1.0797569940334202,0,0
1.1436449157942432,-1.937268386111159,1,1
-0.7976814657002088,0.26975555710910876,0,1
2.7542941108134213,1.2751987584014381,0,0
-1.324840253689783,-2.0768099306835865,0,0
1.4337854563947239,1.4676450402925338,0,0
3.1841381764026524,0.35340927813802314,0,0
-1.3176373392513874,0.6102103551952137,0,0
-1.8821575217691757,-0.7083980889846146,0,0
-0.7263945334968638,-3.1210564936373255,1,1
-0.19856075963652464,-0.9907009097871784,0,0
-1.9503033560461367,1.1133608672312973,0,0
2.5628719014244092,0.9764053777713536,0,0
0.8965377119774982,0.24848079227827577,0,0
1.460305313321252,-0.7515468034600312,0,0
-1.3357811810547027,0.2959658981479937,0,0
-1.0111037831468335,0.6450081886212276,0,0
-1.3993976533097126,0.024507481814944956,0,0
-2.140748723924603,1.1343902909938786,2,0
0.17440509895578507,0.23051465098456728,0,0
1.5715144174433482,-0.7896775888080599,0,1
0.5537986952277942,-0.2552877865875976,0,0
2.4390255614943577,-0.05144653577889492,0,0
-0.4951369652124706,1.3440048003597007,0,0
0.4625880508036869,0.48939654533948923,0,0
-1.290546312641732,0.5106521590352208,0,0
-0.6377615417697388,-1.7607611782790302,0,1
-0.990880967398688,-2.4440618130348097,0,1
-1.6225940127570393,0.18946857808699127,0,0
1.912606999666273,-0.8025609274097876,0,0
-1.9107612945443864,-0.21178416310666318,0,0
-0.7233858239662474,-1.141759354423215,0,1
0.7652146420642635,0.6911121927543572,0,0
0.4178483039938807,1.2015348978075888,0,0
-1.531514733024946,-0.6076079433045252,0,1
0.73250556438278,0.6112176556854073,0,0
-0.4371643679349685,-3.4291644404092607,0,0
-1.5439661535508538,1.3812308741549473,0,0
1.1509058044355558,-0.7661990649530472,0,0
0.7288620506181869,-0.5075357110252671,1,0
2.4547269334610653,0.8776596382223099,0,0
0.915109522693065,-0.16092449029432926,0,0
-0.7361586456887985,-0.018215866958560374,1,0
-0.3663418511505274,-0.8178476645355462,0,0
-0.7501074610354225,0.08479944891074659,0,0
0.7719782663473468,0.5495627955716712,0,0
2.099615834068157,0.19667186323239058,0,0
1.6089340972803512,0.448556090997986,0,0
-1.4713140550033903,-1.7558337339101209,0,1
2.3859183404399156,1.1733562157560098,0,0
1.6690149961884915,-0.563329912576571,0,0
0.22489790609237623,0.7805666682859967,0,0
0.8809580566148558,-0.6117802986573132,0,0
-1.2142348046826628,0.03981454067054206,0,0
1.232372246510706,-0.30097217788187214,0,0
-1.5652744785527524,1.5832275641770848,0,0
-2.1283569019249393,0.0670230873784185,0,0
1.9074615978159466,1.5380479269867016,0,0
2.7337313021425707,0.6676292920378785,0,1
-0.36380531275041655,0.7855277961047663,0,1
-0.07283959049186713,0.8558859003896788,0,0
2.685625306151185,0.37831216598156275,0,1
-0.17525755901298268,1.15835815570538,0,0
1.3432808051981189,-1.2623732477591922,0,1
-1.0291648537925835,-0.8803302733907762,0,0
-0.5242709399123265,-1.0114160831023307,0,0
2.783517335255761,1.2217273508431608,0,1
2.048889927309073,-0.5744660810649499,0,0
1.4447530529491586,-0.3569069855543926,0,0
0.616486775140544,-0.891174351900559,1,0
1.1544654280360325,-1.3316363779384865,0,1
-0.8773398940452669,-2.6174509453139447,3,0
-2.400211495249285,-0.7840016661292126,0,1
2.279347479941234,0.9503166383735514,0,0
2.3776660097709565,-1.9158456136672657,3,1
-0.3287702659286009,1.7720392672007246,0,0
1.1390271546727526,0.2028757564956559,0,0
-2.0387381124610258,1.5551410327163784,2,0
-1.0690209355856302,-0.7183475863797768,0,0
-0.9318349990301712,0.5427733621109713,0,1
-0.368969136852713,-0.8648540692110896,0,1
-1.8361014132132911,-0.2884953668232987,0,0
-0.1874326998875645,-2.0798228274502804,0,1
-0.8914726129164772,-2.3262514349496097,0,1
0.8745962904241449,-0.7528014665427131,2,0
1.370357218841363,-0.24947804472326493,0,0
0.4569150691191887,0.4704060933557327,0,0
-0.25221312975525845,1.0417261384126006,0,0
-0.2702968036113389,0.9948861483281549,0,0
1.531359948882048,1.7052647078560295,0,0
1.7093055422276502,-0.3503315944036166,0,0
1.316306012198725,1.9494907335324516,0,1
0.7617284074540455,-0.21413865641471402,0,1
-3.1837016556006534,-0.05372505245144662,0,0
1.3723054982986487,0.8164310353510273,3,0
1.0620398941630527,1.499633812906254,0,0
0.29964708517424726,-0.42713862919089385,0,0
-0.4785066979728252,-0.2602783602328248,0,1
2.9003275340333974,0.43168150238886666,0,0
-2.218286991291557,1.5222547103416428,2,1
-0.27067423834048904,-0.9902433765525271,0,0
-2.399699751748285,-1.4135334616624968,0,0
1.665591862958958,0.6008465613150543,0,0
0.6328975365216496,0.4163562047478656,0,0
1.3966902988151084,0.7336030760815566,2,0
-0.5846118136158038,0.6766963546950263,0,0
-1.119768730611879,2.6750029043608476,0,0
0.6138086404446912,-0.25148794727889323,0,0
0.1303577967142421,0.8571712157679685,0,0
1.2983117330952507,-0.8951409075117521,0,0
1.2541105287868133,-0.2911671215233031,0,0
0.44484576126997055,-0.0713577605792455,2,1
-0.2096735355577685,-1.7403125490141202,0,1
0.9196743024024667,0.27646544231904885,2,0
0.7711470227460212,1.4212604402562887,0,0
0.7885299680713814,1.6722252399202475,0,0
-1.8034823508655045,-1.3720613373828974,0,0
2.0815787216240498,1.4841509240501043,0,0
1.0109325350894525,-0.27106319624720593,0,0
-2.2778738642650715,0.8263614208485358,0,0
0.5325923180632399,1.8413759337637718,0,0
-2.1023408299528983,1.482650796910303,0,0
-1.4427411123839924,0.3850574142397488,0,0
-1.9831013851266448,-0.65805761979392,0,1
-0.6096968002953591,0.43956288476100536,0,0
-2.0666990543669654,1.5008408401627809,0,0
-1.0850716531186722,1.0591677893763576,2,0
-0.8080964442024416,-0.2016085836958863,0,0
2.8948137249861126,-0.9005365579174248,0,0
0.003569692901267691,-0.24389026280267495,0,0
0.7411501565827665,-0.14387189193569863,0,1
0.006039865262359418,0.5699090258834003,0,0
1.2221576070151414,1.9836414527023196,0,0
-2.1506445213595313,-1.6365522390466485,0,0
-0.2436491872694709,-0.351780412159105,0,0
-1.6733147663648629,-1.586097812121611,0,1
-1.0189965998933597,0.4029747976108471,0,0
2.574552368720032,-0.0396570389448523,0,1
-0.1034724641978756,-0.8959389241709547,0,0
-1.266314608425037,1.950274794842441,0,1
-1.5765618126641554,-1.469754630101283,3,0
-1.0683765501882405,-0.27766065506954507,0,0
-0.387956270787968,1.140484935337463,0,0
-0.6802468568258354,-1.7062903222326533,0,0
-1.3774198110254565,-0.9948081220620876,0,0
-0.3143639738933677,0.382042200731428,0,0
2.8627761931170728,0.7308765832789763,0,0
1.3836292668690537,-0.4174433498302328,0,1
1.2668932025302793,1.3606508325292694,0,0
1.715991282657848,1.1232171152229968,0,0
-1.1470776375489142,-0.3528193682619111,0,1
-1.465540724400118,1.7789782808658494,0,0
-2.4715400087570645,0.5902585351374591,0,0
-1.0081666146768502,-1.1560559402900643,0,0
1.3905506513286432,-0.5403004886633016,0,0
0.6920198781352572,-0.8207042409882915,0,1
0.5998613385427952,1.5114972249320202,0,0
1.6367082752281827,0.22916574757652589,0,0
-0.7273844225219639,-1.394521290502219,0,0
-0.029535804972283183,-1.2484930418623787,0,0
0.46966871665305704,-0.7806170271551552,0,1
-0.42356437571576017,0.9170211377691915,0,0
-1.4612924944854666,0.19576003224728683,0,0
0.06786325856434305,-1.4633487525521471,0,1
-0.2726588177658791,1.3719112697679994,0,0
-1.5990550353052118,0.8917056660107573,0,0
0.9267449369366494,-2.023545532343488,0,1
0.4207358676423592,0.38948177979505705,2,1
0.7248980403426997,0.19183679959107394,0,0
-2.3381139398875876,0.7327678419698597,0,0
-0.9015556401690314,-1.5225495341625377,0,1
-0.6856977120880647,-1.5156712704572328,0,1
-0.7937002044817959,-3.025505358550411,0,1
1.0233494965749037,-0.22851756984116958,2,1
-1.559021170567723,1.0528194785346268,0,0
-0.0682500799101694,-2.0972281091497047,0,0
0.05701114197842295,0.7577899151248545,0,0
-2.1667560587333923,1.0759089373816262,0,0
-0.666374702875761,-1.833145938623134,0,1
-1.763841039601549,-0.3680742921377392,0,0
2.6574998800013074,-0.5837581290585618,0,1
1.9803195234015896,0.6074774481788707,0,1
0.6779324815186341,0.49900455674834554,0,0
0.4163960098651028,0.750154824969605,0,0
-0.8634877930233659,0.7569863839317358,0,0
-0.987453241950808,2.0429670579386148,0,0
1.017794559680539,-0.3496988466470338,0,0
-0.7192603351403217,-0.900094943758749,3,0
0.47457055348777166,-1.692007405912756,1,0
-2.100978353513148,0.292310188598294,0,0
2.174591241718248,0.31010311780988753,0,0
-0.12891278822175464,0.43139237268141656,0,0
1.6205817820877704,0.46311215906986286,0,0
0.7548823200756598,-0.5339710870380996,0,0
-0.8543517711324219,1.7819343867701343,0,0
3.2208460204718232,0.8571933484568603,0,1
1.3556137816910347,0.8101971177900992,0,0
2.637099705356451,-0.8657735819627462,0,1
0.013720816234265827,-1.1688011288370301,0,1
0.01481181179518275,1.1763586341554342,0,0
1.6909181509687068,0.14117112848782276,0,1
-0.5901268312245782,0.7381872990583386,0,0
1.7639853382163848,-0.0163772381340975,0,1
-0.2102525254674506,-0.6833386560768513,0,1
2.8498072931384812,0.7077559773523332,0,1
1.330823287193173,0.7007667236376219,0,0
-1.1636008732322756,-0.17305823425405145,0,0
-0.6634529881294884,-0.964625962571881,0,0
-1.2095283154255587,-0.5148895004064685,0,1
3.3254768013757947,1.09807342775738,0,0
0.6919654979315701,0.3222139566606303,0,0
-0.12741960177534276,-0.3594385705744729,0,0
-1.0400928577649882,0.46144635695089753,0,0
-2.241827409888143,-0.25172434646478903,0,0
0.03174156023041469,0.3336116503239502,0,1
-1.0527204515914372,-0.6475647107033347,0,1
-0.3164903176374956,-1.8265636667297676,0,0
-0.05261413226815597,-2.1730100219579804,0,1
-3.057958817517666,0.0655629627724122,0,0
-0.38914864102236213,-0.5475237061821003,0,0
-0.605108954392666,-0.2985452036094099,0,0
-1.3849093324882356,1.3419666346190875,0,0
0.591809230906944,-0.38581931567982725,0,0
0.6932189684075846,1.3913218876556575,0,0
1.0445171364682204,0.8510897478187636,0,0
2.5976056489795125,0.25312048813072807,0,1
-1.0198655891316029,-1.113607511126239,3,0
0.6833638429219401,0.2906483309165358,0,0
1.4509982109179447,0.5536805496007774,0,0
-0.10392049131266132,-0.6778905708879812,0,0
-1.1932144278910892,0.3269860536002227,0,1
0.9922707764616401,0.2535385970878606,0,0
-0.22486621234674467,-0.13999666847149397,0,1
2.316817417561525,-0.2327492485935469,0,1
-0.7260480154545641,-0.5891336529235307,0,0
-0.6683855136068091,-0.39762042902213396,0,0
0.2743658480891742,-1.086776720374996,0,1
0.8582877854696992,0.8507852045037623,0,0
-1.5278712501495886,-3.021651179166647,3,0
0.2978846001651393,1.332287100426287,0,0
-1.505334303395059,0.47645291029729114,0,0
1.5066160810179543,1.0830151377994328,0,0
0.9613296760215496,1.9521134748538986,0,0
-0.549399823899538,-1.6668790668064675,0,1
0.258397980259238,-0.8010065890098415,0,1
-0.2602994911959681,-2.4826102618647052,0,1
-1.6943378672761404,-0.7467959118135572,0,0
2.1732497530754653,0.4074717320446506,0,1
1.6083095301463768,0.5202414673971981,0,0
-1.1881167387398168,1.481928555310613,0,0
0.1490961158511446,-0.9330532899490918,3,0
0.8657054583614413,-1.0833735404366456,0,1
0.10495674907428384,-1.4032375134867405,0,1
-1.1728555341984557,-0.6505705492620254,3,0
-0.716221536667558,-0.7208849929022654,0,0
-0.8859845828299934,0.07094670930069229,0,1
1.6567404013245213,-0.13168806573931868,0,0
-0.038990652831784774,-0.12129336183720779,3,0
0.6662177375434692,-0.6414188179832273,0,1
0.18674807377973804,-1.9143527350918148,0,1
-0.3035472369395541,-0.9353557702206419,0,0
-2.4194850826170162,0.07080103424571559,0,0
1.1981800343198212,-0.2793801354003888,0,0
2.706403021819412,0.3182524709964596,0,0
0.8631112080134021,-0.11484848570760016,0,0
-1.4181576568304282,0.400794801587083,1,0
-0.057522588271723664,0.8799173380517187,0,0
2.255567905020641,1.284122731052907,0,0
-1.9991299331600116,0.9492760545921933,0,0
-1.0083184415208792,-0.07871455425597275,0,0
-0.594331384366718,0.05072787449266506,1,0
2.7075888715477614,0.3690165851007656,0,0
1.4557146634351597,-0.4035186843993672,1,1
0.20281567025177435,-0.3857936889506509,0,0
0.8866378720294147,0.39730368215525386,0,0
-0.7307580076676418,2.6239160866267017,0,0
-1.6930700302118893,0.8054389365110852,0,0
0.5045176166876614,1.3903745964380674,0,0
-0.8076147730060862,0.3979468905209055,0,0
0.05978750334516985,0.5216643367982728,0,1
-0.7710436348240641,-0.4230624165645543,0,1
1.417323430923683,0.28568183870885977,2,0
-0.29245676413626714,1.9766547568993944,0,0
0.9924219122423621,0.882245212287641,2,0
0.7931123573887859,-0.7384063017208392,1,0
-1.6933478808078488,-0.11403768694132149,0,0
1.385228420010859,0.16156150519904228,0,0
-1.487577547414235,-1.9161725777904213,0,0
-1.8667813995281737,1.0385486141410998,0,0
-0.7284972181044176,-2.5434224825087552,0,0
1.0866136459988358,-1.2666797225570594,2,1
1.4341855184541656,1.7848150105988565,0,0
1.3156971236428603,-0.4545975320187214,1,0
0.43359363773100335,-1.5438811651166826,1,1
-0.7604128084017124,1.139023445406196,0,0
1.0216042848560138,0.08895536774344555,0,0
0.43664676902286714,0.26445434059926115,0,0
-2.5424814325090552,1.0061178064960585,0,0
-1.9551352859736595,1.565592797914446,2,1
-0.9950437701873032,-1.1522729198361974,3,0
1.0814020798134572,-0.7775698934763573,0,0
2.4490258530424507,0.36290147977710097,0,1
-1.8311294765566453,-0.7180927926533162,0,0
-0.7830932346506481,1.2117030547895846,2,0
-1.6048164644481875,2.099924804624133,0,0
0.9417146645662648,-0.9495157400890385,0,0
0.9636779236680164,-0.2661956634573828,0,1
-0.13201428037230153,-1.4371699919487295,3,1
-0.8299159104297337,-0.797723078886004,0,1
1.0780283074893,-0.2525575311434268,0,0
0.0009559289609387969,-0.7137890196315007,0,0
-0.9567093894141628,-1.1990133828996927,0,1
-0.28616014244166527,-1.513806942777177,0,1
1.390051783074119,-0.9153233494393391,3,0
-2.815923987398612,-0.14066448712494653,0,1
1.342664302224255,0.4022040924405629,2,0
-2.9632626549761882,-0.14264330424414423,0,0
2.303901528747046,0.6093785286560717,0,1
0.7762487383314467,-0.0760828604680139,0,1
-0.830766614250248,-1.670130781518695,0,0
3.048155267294135,0.9052076239577841,0,0
-0.45805642824511683,0.5968670366946389,0,0
1.6919368646458535,-0.7466805583231547,0,0
-1.5730899011935582,0.6330554422146116,0,0
-0.7634287010443582,0.3776298712810545,0,0
0.4236949656921334,-1.4056474218843713,1,1
0.3100489840843581,-1.7464171390757806,0,1
1.5799158959183486,-0.8822871916685371,0,1
-0.08715739386910427,1.7422034402099187,0,0
1.4245827601441834,0.3580984528648404,0,0
-1.4270782291915727,-0.8385509083742536,0,0
-1.210441009288981,-1.4189320711694886,0,1
-1.1201178352217394,2.086196562480802,0,0
-1.4022452369964564,0.9871424284327717,0,0
-0.34447148418677087,-0.27869332975318734,0,0
-0.21464623360826263,-3.5080729320842465,0,1
2.678887037540859,0.5567715758935624,0,1
0.11796085628950007,-2.0692387465621946,0,1
0.6845273142581579,-0.0962311657989007,0,0
0.6656381414569107,-0.6015729753111819,3,0
0.1986607315285455,-0.6226675952263723,2,1
1.7939108092727103,-0.530428830375651,0,0
-0.1455859075546335,-1.0672588059548178,3,0
-1.714444965260332,1.4997350802583462,0,0
0.5163749749414764,0.6186241189488546,2,0
1.0730437567334725,-0.9200248900558063,0,1
0.09911523538844964,1.8924781006663722,0,0
-1.2209673174164506,2.50963585121324,0,0
1.3216141451223393,-0.04611844447044532,0,1
2.953504468511745,1.034108415058639,0,1
1.3495450912948976,0.17810514304650263,0,0
-1.2803347358425607,-2.513781459555772,0,1
-1.6610257843320484,0.3476491310973042,1,1
-2.3944750111798303,0.7416662654306138,0,0
0.5238934080351382,-0.7612459583411489,0,0
-0.6182621334351579,0.11354384997741418,0,1
1.470214542089867,-0.7395889361990186,2,0
0.5065606191268643,1.498967837380143,0,0
-0.8913747623626251,1.0389584774720064,1,0
-0.2215813938522525,0.9724211575691345,0,0
1.382246510311768,0.42239696322475445,0,1
1.2925858709626075,0.6908976916154768,0,0
-1.3578904102488722,1.7044735631682542,0,0
-1.1357302790776524,1.988630449649189,0,0
-0.9394802090766962,-0.3907727873732532,0,0
-2.181219846381594,0.9638480497958857,0,0
-0.5284071508513354,-0.5448295400975899,0,1
-1.0215927692010551,-1.9959577378834703,0,1
-1.558718127837304,0.9777675227521049,0,0
0.571370126717452,-0.6654858971817814,1,0
0.2722711372528335,-0.4710990099352576,0,0
1.5620271987668934,-1.3027251275372655,0,0
1.1157161353706322,-1.4927999622146653,1,1
-0.9532577297789914,-2.169584592496506,0,0
1.6369869775882402,1.500343049174101,0,0
-1.0540321639989838,0.32154931730365915,0,1
-0.9559878568932095,-2.170287554531513,0,1
1.6925403288482213,-0.07080543170841895,0,1
-0.905229930139555,-0.9265886421674808,3,1
-0.8425404266556874,2.434172034230567,0,0
0.9430914489176426,-1.1446889926830677,0,1
-0.5232618101244159,-0.9643038317685932,0,1
-1.4049966695133431,-0.7209019397193759,3,0
2.538230272458472,0.6486694967038641,0,0
-1.4066744395198683,0.18717895117986852,0,0
1.8427485607090501,0.044572723692872934,0,1
1.5315420526152759,-1.004035926747896,0,0
0.045159482163210286,-2.5404376909196,1,0
-1.100829665944614,0.4107975369574025,2,0
-0.973456130506191,-0.297837535754853,0,1
-1.4063665831153707,2.329230865195812,0,0
-1.5217786355656118,1.1463940185696386,0,0
3.1937540766462047,-0.9698249768176618,0,1
-1.4646052496564819,1.2171206284219729,0,0
0.20749045912464886,-0.6933457559266354,0,0
-1.3111281222645168,-1.070665067193297,0,0
2.813635493685103,0.47148845321068694,0,1
-0.6818152504097705,-2.3908123685584024,0,1
-1.5412630167094041,0.5376211641992605,0,0
1.5183507443579265,-2.970627324875069,0,1
0.5634416505983665,-0.7344514336362163,0,0
-0.4355200414423296,0.6783581991407002,0,1
-0.6502017187084757,0.5396047441344572,0,0
2.695692899841401,-0.4426854376190322,0,0
-1.2716197947495822,1.3844991241631093,0,0
1.1775813467932377,1.4021580910331943,0,0
1.0800996554554998,1.5015236327068993,0,0
0.46958159778958386,0.871133852601277,1,0
-1.369816847309037,-1.361205203891053,3,0
0.9563418625146258,1.3177180664093135,0,0
1.1466129607217028,-0.248120471699665,0,0
-0.9414332898178983,0.04863643899288898,0,0
1.1650591077085106,-0.3583227239391669,0,0
0.28711154897704294,-1.962265359787078,0,1
-2.623023697412935,0.3576411199896566,0,0
-0.4786992477280494,0.671073141659188,2,0
-0.84923390311933,0.3815937557360039,0,1
-0.2931326856709501,-2.1652235602189913,0,0
-1.2951527352924799,1.1302303003150425,2,1
0.5975770325726415,-2.09494932341105,0,1
0.2852901543943744,0.9043467356370193,0,0
-0.5638544757718075,2.2206442030404903,0,0
-1.9532980580932162,-1.120519938046134,0,0
-0.3743535391255044,-1.457799693481378,0,1
-0.0580749467989699,0.7377677607115455,0,0
2.8377775161136642,1.1296907064559496,0,0
0.08939820013887087,0.6673672750989417,0,0
-1.159738284260327,-1.5294354258212248,0,1
-1.633284594739779,1.640714199045434,0,0
-1.6346198909839065,1.5233140397342047,0,0
-1.8051952697466254,-1.2352595885252362,0,1
0.3374567965519144,-0.4923918874412676,0,0
-0.07193100256350947,-1.2227969917502495,0,1
-0.4316233315927849,-1.505633219240148,0,1
0.8310711902519274,-0.10401924566498362,0,0
2.2931651413638945,0.02672474184722445,0,0
-1.6266324624486084,-0.5080041614904024,0,1
2.0877540469636013,0.6121336418630375,0,0
0.7636006988769954,-1.1452974521699333,3,1
-1.8945195987964472,1.3523932139131134,2,1
2.1068476356166506,-1.2842248400745042,2,1
-0.6131699936123078,1.025760558094241,0,0
0.6916132438752848,-1.4051899930397151,0,0
-0.3439660040027898,-0.9765613697047879,0,0
-0.6791673260100685,1.0841892053428273,0,0
-0.7315490337786367,0.6271822864671424,0,0
-0.9130354825096467,1.4889432448414786,0,0
0.8105233301823895,-0.823015312576189,0,0
-0.9772352729179434,-0.8678616444684883,0,0
1.0876247870073228,-1.0064655419594342,0,0
-0.9464111260249328,-1.6795130220538939,0,0
-1.1619025172523858,-1.8424977321950993,0,0
1.2580919283706162,0.005180213846340385,0,1
-0.4331426734693277,-0.44891488369757904,0,1
2.647874921370747,-0.20205132995370706,0,1
-0.4837174428277799,1.0543016736275954,2,0
0.08471662887425534,0.2203127062853707,2,0
1.8493930965248058,0.680995967481401,0,0
0.5812820580651004,-0.5710132041815408,3,1
-2.350886725893476,0.5554387062534158,0,0
2.351795990301405,-0.5742601637896291,2,1
1.8556255506549904,0.9391067119101445,0,0
-0.3897496613951479,-0.7656473672031336,0,0
-0.14066020736467957,0.7165463472039523,0,0
2.3395974808314226,-0.13269317862106214,0,1
-0.6161311623035965,-0.6001309126204971,0,0
0.7203814222456545,0.5222006792279903,0,1
-0.13484095642071983,-0.8420199683110376,0,0
-1.835981347901581,1.8457881231032827,0,0
-1.1423325250814615,1.1807011576351067,0,1
0.14694635199593692,-1.3485617321494072,0,1
1.700150537217123,1.0623668529790617,0,0
-1.0088170212129306,0.603583183140525,0,0
0.512786900768455,-1.1130953782055142,1,1
-2.503917677073998,0.6865462381625848,0,0
-2.0881408573463607,1.0421295330387217,0,1
0.638259036462134,0.27983561280161295,0,0
0.8716553244334954,0.5565406463465847,3,0
1.626013776811662,-0.07139131608627354,0,0
0.7615093275713167,1.1118644948088792,0,1
-0.21511506362861604,-2.3467905759563354,1,0
2.311742335658729,0.08738311350622359,0,1
-2.3589205683946717,1.317882449656487,0,0
0.9694167791076314,0.9138494610983894,0,0
-1.0989910315469167,0.3987092090026163,0,0
0.15380177038588264,-2.03696292410428,0,0
-0.6957532331300619,2.2517821597939145,0,0
1.1704057865489104,-0.142413692449103,0,0
1.0142218730150427,-0.1946850183976946,0,1
0.5173004531194979,-1.6513038562716642,0,1
0.002227672908746351,0.9373081732933327,0,0
-0.7122233404689481,-0.8717711493638043,0,0
0.2345347115920082,-0.3103154982980315,0,0
0.2166328652293637,0.5687987922413175,3,0
0.34520596037355955,1.3315036248451115,0,0
2.3391623981271548,0.2667428595047585,0,1
1.0781160016470812,1.0081216946571234,0,0
-0.6058110882341663,0.8203286525997123,2,0
-1.154354038088723,2.5576046886503687,0,0
-1.544707884257138,-0.7125094361504701,3,0
1.0844980122224401,-1.6548527618211193,0,1
0.4302306366322707,-0.03292855460118734,0,0
-1.5554397325293603,-0.9508571141102344,0,1
-0.013732467079357363,-1.1457226369198292,0,1
-0.6535817909368581,-0.23013749177303947,0,0
0.4670838022766377,2.011806857851662,0,0
0.783734855319003,-1.3140138105953176,0,1
-0.4347413096379842,-1.411785293994462,0,1
-1.928033101876535,1.526178809342857,0,0
0.6778470143457835,1.271412512784309,0,0
0.8854119877273128,-0.17327529711550654,0,0
2.593221405152771,0.15882791487298462,0,1
-0.44523552568623154,-0.3728198765161243,0,0
0.28462418595646255,-0.0734030080978986,0,0
-1.039686062852784,-0.050140183793394334,1,0
-1.5571279864784298,-1.5665102937300366,0,0
1.9714761129614287,0.6070563344480943,0,0
-1.5968712534088427,1.0600000659916282,0,0
-1.337037965976732,0.4815150696409291,0,0
-1.2913738547166351,-2.2902353091488354,0,1
1.1440708758290379,-2.301235951110693,0,1
2.4275330973874762,0.7422243840183755,0,0
-1.26022912984643,-0.34929587838257414,0,0
-2.116458629985026,1.0911748932917595,0,0
-2.1391910203572237,-0.5099751305055702,0,0
-0.16792720996683905,-0.6381105725300432,0,0
0.9657875947369149,0.42438198857216874,0,0
0.9957508929372438,-0.22238959439169,0,1
1.0793770948470525,-1.3103234763073235,0,1
0.43590748995566286,-0.543645572439912,0,0
0.6677483653348457,0.3417625130978359,3,0
-0.8015433618365265,2.361835177563579,0,0
-0.916652032890751,-0.6603807603192583,0,1
-1.623570094126098,-1.1676859915554294,0,0
-0.6326218415501397,-0.43218853085001363,0,0
-0.9163192474119953,-0.8636328991473486,0,0
-2.210122660178963,-0.1324253552069845,0,0
-0.3769126184305501,-0.006025574519463514,2,1
-1.4427018718256677,-0.5979025723152568,0,0
-0.40711297349317926,-1.6058611113414603,0,0
-1.0233836715621627,-0.7218410030618385,0,1
-2.7801048843621747,0.2860246936729964,0,0
-0.980673124285557,1.3415994495764572,0,0
2.597801371649902,0.4866921122062692,0,0
-0.5073993959952733,-1.4205106341517877,0,1
0.3696388092984491,0.8726578708085181,0,0
-1.252219956851761,-0.5929364038932318,0,0
-1.942204304953454,1.7693322268175449,0,0
1.763220617359988,0.3004585525094545,0,0
-1.7607289397081074,0.5247792878933638,0,0
-0.9405982368680614,0.9753916262089106,0,0
2.0553594893543043,0.2200813592357966,0,1
-1.4041776167424287,2.2927034988029678,0,0
0.29094055104201405,-0.5559565449959928,0,0
-0.3717989071795348,-0.21431206973669573,0,0
-1.2200324511251772,-0.33613509837080796,0,1
-0.029966067219068204,0.322969916269641,0,0
-1.4297010010227948,-0.8809578456585467,0,0
-1.5245451426539645,0.9915382751149706,0,0
2.719105550140583,-0.3900242774619103,0,0
0.19180801754435337,1.649498055285308,0,0
-2.134424448798707,0.006218255792963031,0,0
0.5099807781498901,-1.8602671902785244,0,1
-1.1370985894773307,-0.703488404505174,3,0
-0.532909519849036,-2.1862319939323895,0,1
0.4794748640975478,-0.07333364840790087,0,1
-0.04572070082975779,-2.125021739481669,0,0
1.3230891498938222,-0.9025441669789996,1,0
1.0837287873380623,-0.5507636179596032,0,0
-0.026070905772008993,-0.5097296108867153,0,0
0.5524756637524407,2.1453620982770283,0,0
1.1875647693416405,-0.8568630227916966,0,1
3.454093064855204,0.04785229003267124,0,0
2.253716898290859,0.8016667277347762,0,1
-1.3036458571805933,-0.5470777914751274,0,1
-2.5530610831024925,0.7249184181573453,0,0
-1.4583436260487128,-0.32271395400187924,0,1
-1.8523170920368268,0.22737789881914977,0,0
-0.751888237617127,0.5729795330896871,0,0
-1.2772309597575606,1.417908842102569,0,0
-1.7605113760070794,0.1137348638756364,0,0
-2.31436102012798,0.39332791401018496,0,0
1.3775326862640909,-0.8656545619483363,0,0
0.27904171094544783,0.18136242032255076,0,0
0.3021228712891041,0.363941048450359,0,0
-1.0283302490214485,-1.8192175779961026,0,0
1.2251096731515,1.0707270139839145,0,0
1.7291660673359759,0.0813905939720506,0,0
-1.1130204739865317,-0.24030625241072762,3,0
-0.5495086976460392,-0.8310776132808202,0,0
1.4178785387921404,0.6262896920068446,0,0
-0.5619689257109821,0.014421670616114558,2,1
1.0693919671752101,-0.20205180783742668,3,0
0.7964026990301555,-1.6919229014142876,1,0
2.6870069892827613,-0.12328889963266225,0,0
0.085478798913937,-0.6277329808563705,0,1
0.09360941679283506,0.46223338713880247,0,0
-0.15573244617494775,-0.9152268195885235,0,0
0.4246841220685265,0.6373125337340361,0,0
0.3624836999488692,-0.1091774705939158,0,1
0.35992890474341827,-0.08880943411694406,0,0
0.25287909238689954,-0.24812192557890866,3,0
2.600720658173068,0.4639978470215176,0,1
2.0494652165683243,0.7660945156880586,0,0
0.8143247557463967,-0.19985717385183507,0,0
-1.87627627389389,1.2198150346267929,0,0
-0.877001733987995,-1.7428642264514569,0,1
-1.7157948042920208,-0.5237850060414416,0,1
1.4094393062922346,-0.0027967896240805624,0,1
-0.2091153046455361,2.104157779888903,0,1
-1.8123523667634642,1.1761869209694764,2,0
-0.27196626857742695,-0.17867166414495217,1,0
-1.2787024702202177,1.1777703324087987,0,0
-2.1018463930465807,0.5268925157112349,0,0
2.899464721888307,1.1312476886167373,0,0
2.151672072120853,0.6252278451511409,0,0
-2.370413015620838,0.49464375841935104,0,0
-0.6378856497084515,0.7253901918270411,0,0
-1.0572993133588282,1.5773469787898167,0,0
1.883188561525375,0.44931891438275356,0,1
-1.1634617418522224,0.4711549658956959,0,0
-1.8454703579760294,-1.286727327939588,0,0
0.8144514048355973,0.3056890212395492,0,1
-3.0853065469017595,0.6680816385397862,0,0
-1.9550628638044427,1.7944868646015573,0,0
-0.8691240931276172,1.8135494935239167,0,0
1.533154485435285,-0.18353449809113787,0,0
-1.412748774124514,-1.1209221772431042,0,0
0.877050162235007,-0.3554231943724618,0,1
0.05274510422422295,-1.0639616141045847,3,1
-0.5882106366166088,0.7801411821848483,0,0
-0.1279597052405298,-0.9832203908596555,0,1
2.258269802458834,0.5846348551158306,0,0
-1.6149367913394568,1.1376206498757058,0,1
0.8139970188084653,-1.4304415905673271,0,1
-1.9447652326651688,2.0376975241279744,2,0
-0.18901776029750242,0.5372269546811509,0,0
1.9764820153615519,0.3909938479106408,0,0
0.8068825617323788,0.6839587849517474,0,0
-1.1666878706137969,0.2608976164907562,0,1
-0.05362170623312903,-1.4428462112800324,0,1
-0.5543049228154056,1.5858281468727617,0,1
-1.0753388244294362,1.0942365746145115,0,0
1.9081458095618276,1.4522609795520625,0,0
0.711128786349446,1.6485122099248473,0,0
1.273485772619021,-0.3120390320082433,0,0
-1.6465046908565135,-0.1166509532256735,0,0
-0.7670398428453007,0.8799153508220865,0,0
0.5202881514037807,0.02330751093623996,0,0
-0.840674745919618,-1.8275923783508947,0,0
-0.8874158451577466,0.35911164614935853,0,0
0.6237150532021112,-0.8795463445402765,0,1
1.0428507212686162,0.22603528953045116,0,0
0.624690989967234,-2.038971168494366,0,1
2.607127611867246,1.0542276305283946,0,0
0.14533675078408664,-2.3406283076885632,1,1
-1.6188786414153526,0.7284435516679026,1,0
1.6198494230815852,0.15205946827938263,0,1
1.1018327768947498,-0.49459765126220906,0,1
0.3175950123752788,-1.4454932866998724,1,0
1.1310984709625245,-0.43003898588894873,0,0
-0.04864480345093327,-1.601063240694551,3,0
0.020661988190870055,-1.4342465480466648,0,0
0.6473722194875859,0.7994110319953944,0,0
-1.7904524123106764,1.9552260732375732,0,0
0.15010955984899924,-0.6958345326688485,0,0
-1.3180702481763336,-0.1099890223862431,0,0
-0.6996166796990622,-1.023394096087508,0,1
1.3627931110726144,2.087865682139531,0,0
-0.1237955724967607,1.7428584313437934,0,0
0.44214782360449434,-0.5209776095643239,0,0
1.3479315370750764,-0.5224665057330729,0,0
-1.967092601300671,1.1461276177313284,0,0
-1.9396419900463149,-1.280311116456119,3,0
0.1150983573901778,-2.108102443817788,1,1
1.7936556120212528,-0.5204130806760062,0,1
-0.639798429397379,-0.9101618998256176,0,1
-0.25172428954126996,-1.1895222876467093,0,1
1.1135483954543686,0.08502601409249336,3,0
0.8977797559962357,0.15210111072974414,0,0
1.0409087691503072,0.4844920388726977,0,0
1.1309824875824415,1.0403775277438776,0,0
-0.8493248589336853,0.41858223905237235,0,0
-2.0656798668633867,1.6909279531048902,0,0
-2.825864057013402,-0.022428374067652603,0,0
1.9420673723306638,-0.04362400367029023,0,0
-1.2957478278824661,2.001407278791009,0,0
3.020494035563155,0.45164645773456197,0,0
0.738942310264374,-0.9487578426602453,0,1
-0.5156638515514684,-0.1963510893453661,0,0
0.9143359394136237,0.35584765103763133,2,0
0.12089779785718738,-0.5510973846658389,0,0
-0.9471546480611427,-1.2173285510732006,0,1
-0.9127492087517284,1.051770606420058,0,0
-1.0559418468224389,-0.12459991517230869,3,0
0.5655170425939571,0.977290451101063,0,0
-1.232974300290477,1.994249221501113,0,0
1.0481311196218173,0.0644526280425028,3,0
-0.8159276534878036,-0.2697754541878249,0,1
-2.8807069718445213,0.8646970804206678,0,0
-1.910697122985539,1.7967119004303371,0,0
0.6697192528350638,-1.3593836306380864,1,0
2.2800783311329194,-0.23531607362741372,0,1
0.705361671903495,1.4072020761613167,0,0
-0.8872320786057761,0.46487525554666076,0,1
-0.053694979598484606,-1.9994519188955282,0,0
-1.6008932583525535,-0.4473668929615529,1,0
-0.46232359366774467,1.2354256659558511,0,1
-0.3660377260691835,-1.3715898759270715,0,1
-1.5143326626013147,0.056260377663743005,0,0
-0.3739629257461216,-0.6547599877370133,3,0
0.5745249692348107,-1.4079934912067933,0,1
-0.9619686104741019,0.6081653863767467,0,0
-1.5254142974348661,-2.0545401879644154,0,0
0.39984063081006166,0.3236744005240295,0,0
0.0484394379062512,1.374739543495759,0,0
0.5200959968569966,-0.6726500136044896,0,0
0.7439054251630662,-0.37900694467725177,0,0
1.6146347407693364,-0.4165674144006346,0,1
2.0865066301818778,-1.471833375022652,0,1
-0.31201726149683995,-1.7529745266071932,0,1
-1.0467378869323767,-0.030515877796087075,0,0
-1.2750723593613322,0.1451960845547714,0,1
1.6143800319087636,-0.424242464737132,0,1
-0.6317584356702661,-1.1210846547750009,0,1
-0.9766121037113383,0.40313865612614724,0,0
-2.7450652894425143,-0.03208028106087406,0,0
-1.6546444551128563,0.2529328549135478,0,0
0.024930500577279753,-0.63528904152773,0,1
1.4413082142498181,1.582882645144936,0,0
-0.5200024163098513,-0.9055763437548074,0,1
-1.3338876429926252,1.1818867980501535,0,0
-1.6980065410343563,0.8843219759284946,0,0
0.6688066924678819,-1.235670869696279,1,0
-1.0407106630218577,0.3515029883558512,0,0
1.3711107824308042,-0.6792528130804025,0,0
0.9410629796878173,1.5231302193086722,0,0
-2.767201251489505,-0.006516873850911523,0,0
1.0053383572224812,1.4061176890378633,0,0
-1.2334700047603226,-2.2535107115997453,3,0
1.076382407668748,-1.9651257972522542,0,0
-1.5847453493257448,-0.3959108977005951,0,0
1.2748265947207253,-0.3042579595212054,0,0
-1.0611361685115321,-1.7372897055722374,0,0
0.875774530598722,1.5442170179992327,0,0
1.469701155565369,2.0393364739436795,0,0
0.8735351055297085,-1.202701892500569,0,1
-0.7142001885121791,-1.4277240319828006,0,0
0.7190505812288057,1.4610667951202565,0,1
0.6869428605400223,-0.44300098667801824,2,1
-1.3953299114007816,-0.27325953660580543,0,0
-1.3356279125971486,-0.7954736789107983,0,1
0.08856518254057741,-1.0704797121945375,0,0
0.7657790022968243,-1.1873295893321107,1,0
0.4616670673754938,0.9945933937215772,0,0
2.285522560828835,0.33874063279191347,0,0
-0.0036302669296386734,-0.44627817187454316,0,0
-0.7907877790772765,1.9260331198462624,0,0
-2.2621889011440754,0.050436900084893786,0,0
-0.7704105103385567,-1.3459351907058348,0,1
2.456168205668956,0.20513234443842934,0,1
0.5257368415873176,1.415445404204244,0,1
0.6627449269777392,0.7747612656515648,0,0
0.43348166333685373,0.13428007947195142,0,0
0.08761866274184431,0.24116263175757396,0,1
-0.3349762698486205,-0.6127976122923487,0,0
-2.124730395462362,1.3790311431406765,0,0
0.7734675350836206,1.8752875509237381,0,0
-2.5105513729291022,0.3361192620255909,0,0
0.17561345053696778,1.7996123798701362,0,0
-0.25730908890656784,0.5588192879915842,0,0
-2.7675151218567025,0.40564891754800825,0,0
-0.445366510875652,-0.789094811849008,0,0
1.6261436357504528,-0.05472596464449288,0,0
0.9465909822165481,-1.6960865283918942,0,0
-0.25126557220929696,1.0273261474932402,0,0
-2.33446498485132,0.6424777939535796,0,0
0.2278868847171274,-0.6008960881816059,2,0
-0.46753256526975384,0.6946749664576657,0,1
-0.2129345889818964,-1.3635040508162501,0,1
1.1357624712445824,1.579378731351359,0,0
-0.7628871204721334,-1.3290294674048106,0,0
-0.33653247863803903,-0.31448234361311017,0,0
-2.653357163021043,0.5572667746048543,0,0
1.1916874011487837,2.0921207716354915,0,0
1.1585359902406007,2.2506372079161316,0,0
0.5192442677229883,-0.7469830956523161,0,0
-0.5729132545259964,1.8068286292575417,0,0
1.3015211491265866,-1.9640793511457897,0,1
1.5182720191777748,0.8697455872666328,0,1
0.883420992303215,-1.6154574571972193,1,1
0.7114307122197252,-1.2291401350308426,0,1
0.3542801472588617,-1.162360893804612,1,0
-1.4916698480776969,2.116616448312217,0,0
-1.3754469491916026,-0.4103637167005802,0,0
-0.01630453952047638,-1.5499987358473386,3,1
3.7951239698001253,0.033862389740894575,0,0
-0.5617584386526558,-0.2087919595599922,0,0
2.69860258813264,-0.34058475634817165,0,1
-0.9783014507250304,1.1545492743811157,2,0
-0.6493263020496808,-1.2602199650038248,0,0
0.5780878333042011,1.8448080478050803,0,0
1.5159369542272583,0.22096927830224664,0,0
0.807220047436887,-1.858836986474519,0,0
-0.4912560960601662,-0.4812581755792389,0,0
-2.6070092910820017,-0.09287186469649208,0,0
-1.389808384269513,0.3829463219978758,0,0
-0.02540679728569769,0.9879262412682298,2,0
-1.291421203844538,-3.860974014654035,3,1
-0.7809451007316802,-0.35251747104522085,0,0
-1.1045412112897617,-2.4339376784720845,0,0
0.8407155863453243,2.329878597481552,0,0
0.5501566136764408,-1.6915981806023945,0,0
0.009002080360002745,0.9451399783975497,0,0
-0.6202841804378448,1.7321554297602948,0,0
0.23588505441360114,-0.39501012411821657,2,0
-2.5591774043152906,0.38881797834379755,0,0
0.23171288631296366,1.0534400582003,0,0
-0.4447086386071455,0.8922285087918125,0,0
2.879486041979346,0.43333666330751897,0,0
0.5335561277436073,-0.05069982056681159,0,1
-0.3724872740348677,-0.057082056097122705,0,0
1.0667658638071362,0.4756020267593355,0,0
0.7683204267283313,-0.25803327620213024,0,1
0.684204386518989,0.31501493365290717,0,0
-0.11416462105457123,-1.2464886628791993,0,0
0.0505781784079028,-0.1634843126210949,0,0
1.9199786727020127,0.9098171069219424,0,0
-1.0543235148821726,-0.1025477182934637,0,0
-1.2889721383047303,-0.14121750863009702,0,0
1.7704089217989902,0.506540581010881,0,0
-1.85434841667831,-0.779591691027094,0,1
0.8735699979993232,-0.6199915150395142,0,0
-0.10040305731085984,-0.9167879135564635,0,0
2.3952715041204358,0.023464993735131126,0,0
0.006029408903747001,-0.04013284640022985,0,1
0.4308215638654139,0.2965206986397096,0,0
-0.5629732084593329,0.0042230827739188435,0,0
-1.3289314378287669,1.0964105383344618,2,1
-0.5294028277269177,0.7694734178660343,0,0
-1.7796814720715493,0.1552009312211774,0,0
-2.1018265131648626,0.857290696843266,0,0
-0.7969480720392133,-0.3652756105752178,2,0
0.44166800272212214,1.4735016401208059,0,0
0.30886840643372143,-1.5092992446497644,0,1
-0.18515312677688817,0.3762113193250229,1,1
-1.5906541958087652,-1.8163831262452406,0,0
1.0706651369979092,0.3611509948552253,0,1
-2.4711260839380564,0.6491440150194524,0,0
0.9506352858172177,-0.4712781388051771,2,0
-2.200929208438888,-2.0220698520343503,3,0
-0.9087567605151685,-0.1940325393938371,0,1
0.5155046782077116,1.5023566903402832,0,0
-2.3269741076806385,1.9138464237263944,2,0
2.1645262061271304,1.4791644520975709,0,0
1.9807531471715287,0.7314729721027505,0,0
0.797266546166408,-0.5895911562576986,0,0
1.0008442726770808,1.894985288047045,0,0
0.4273291355245979,0.21873053782379162,0,0
-1.2332882595842587,-1.8705509150641813,0,0
1.782128374621039,-1.4718320490557446,0,0
0.146449052961127,1.3833289357999203,0,0
-1.2989435226663992,1.9535680345765394,0,0
-0.8667828017692789,-1.7481229055111762,0,1
-0.7064418906144881,-1.3941267521134797,0,1
-1.62080368214985,2.0665837858379508,0,0
0.7589438051423547,1.2824457499828767,0,0
-1.6837941447058524,0.2772599374566812,0,0
-0.5740805420081314,-0.3447811547421575,0,1
-0.8088348506229925,-2.1795249332056925,0,0
-1.798745453796554,-0.12223354561958334,0,0
1.498238551189674,-1.3679603743547002,0,0
0.8473427498231759,-0.44860118210243377,0,0
1.6668103645846377,1.3910957003783102,0,0
-1.2549895532998985,0.29362419953941266,0,0
-2.1048443297625004,1.7350819880025645,2,0
-0.9081205265094737,-0.2014495422443954,0,0
-1.4070683344807784,-0.15463581303393886,0,0
-1.9994158297496467,0.03942466181384668,0,0
-0.5355826756540536,1.960055781015858,0,0
1.1547745023770764,0.35037712156756373,0,0
-0.30001464849320625,-1.158656074227683,0,1
0.4896091445415339,-0.6191238302381417,0,1
-0.8841461583793188,0.35471386474020294,2,0
-0.6153175210758105,-1.5746300944897016,0,1
-0.32764137739652377,-1.3669839041222243,0,0
-0.7951004817813799,-0.26933063417396963,0,0
0.575406705032145,-0.7769587021492786,0,0
0.36550735690773345,-1.33278905534173,0,0
0.6307474460170441,1.591965650169034,0,0
1.1330860370002493,1.030746753152895,0,0
-1.130608318053137,1.4969610562068654,0,0
2.4281853849164863,0.9139272113831558,0,0
1.3153186822608822,-0.48923167935159717,0,0
-1.5312034370004124,1.1551462577628226,0,0
-0.44668201449613304,-1.908030947922529,0,1
0.8259711100965299,-0.3032531090035749,0,0
-1.3351794659170972,0.5493763574084548,0,1
-1.0301997347464498,0.897353929210481,0,1
0.9838425305508676,-3.243494509460162,1,1
-3.026454358060708,-0.24288278631078233,0,0
1.7447419549624823,0.192869356383952,0,0
-2.4622598002273945,0.049843569978426094,0,0
-1.5815936518456142,1.0491053540085036,0,0
3.1285945205033565,-0.7313748234198141,0,0
-1.1577651498599666,-0.4723054249329325,1,0
2.7474103556473914,-0.7483497064540726,0,1
0.7898308952806903,2.0551226575375003,0,0
-1.461163004060909,-2.0691476292241155,0,1
1.8891635337030215,-0.2627262652317157,0,0
2.069290419524568,-0.3585740423984747,0,0
0.7031421692768222,-0.5581829002421685,0,1
-1.2771780097435959,-0.6869515946413369,0,0
-0.48071208896968026,-0.3115395830469717,2,0
0.19958968124618742,-0.602454306982126,0,0
2.1934021545952667,0.2817009399848771,0,0
-2.322661597372189,-0.6178397871670044,0,0
-0.8677076584532171,0.6107404055562883,0,0
1.896662875130169,0.026243530543633407,0,1
1.4167765539419175,0.8483136598455099,0,0
-1.4064285724455756,0.3027039305346193,0,0
-1.0155758556098482,-0.6555569636301953,0,1
0.797911557058984,-0.851311473127542,1,0
1.1907562724705547,-0.6700190059569523,0,0
-1.6295624033048248,-0.02547997501644349,0,0
-1.3839497322193153,-1.9347230988944426,0,0
-1.4815236620923384,0.14388019105845679,0,0
0.12140144846370174,1.4818784778299774,0,0
-1.757166384101175,0.3948601575970266,0,0
-0.5551885268003827,1.4841550082309283,0,0
-2.1798494979571017,0.3931283874402585,0,0
0.6819433597086677,-0.8513371474503059,0,1
-2.0013237597595,-1.0809383236649615,0,0
2.9888249226645875,0.12847717742546347,0,1
0.7016862156500776,-1.7293677038966722,0,1
0.6285026796528602,1.0724200734142642,0,0
-1.5131749361071103,0.7351340940453198,0,0
-0.10380084999768803,1.3115284134445842,0,0
-3.171420513940305,-0.2892863189916338,0,1
-1.206265120064743,-1.9840345416909226,0,1
-0.1555656654739523,-1.2229821134507657,0,1
0.9447823581272554,1.159069094266575,0,0
2.681809496741984,-0.6606660295215443,0,1
2.1606931488685226,1.2579894960736822,0,0
-0.49670403919765893,-1.1454659910582614,3,0
-2.0942289311955062,0.9679012370963535,0,0
0.9787319242340035,0.871139755631557,0,1
1.233297032105055,0.569543533312051,0,0
0.23737770310671322,0.11355058511220219,0,0
-1.4416182383493223,2.355303251964878,0,0
-0.09169195898765532,0.99396291878525,1,0
0.34596830518157456,0.4500097445450965,0,0
2.152748539670986,0.5529439616866351,0,0
0.7733412017586204,-0.9465695041306764,0,0
0.36131844674254004,-0.01100928887411028,2,1
1.5757446429570183,0.1650374588780504,0,0
-1.7742607578191207,1.97135398630578,0,0
1.6166202187667227,-0.03166039491531797,0,0
1.9876991242045232,0.4569386364630468,0,0
-0.745456178821519,-2.012125057914912,0,1
-0.7970090882716158,-0.19293041355960824,0,0
0.833823984678383,0.6298203965685484,0,1
2.4140591370374804,0.9480185212719813,0,1
1.0417850965276902,-2.26011794200394,0,1
2.883776922068464,-0.13527914503570918,0,0
-0.9634442793473594,-0.5746181091397389,0,0
2.2691979229216956,0.43789782718671544,0,1
-1.9967899558077495,0.7146745396365659,0,0
-1.4986254733964726,2.3393069100279265,0,0
-0.07922737535624244,-2.1127570829785185,0,1
-2.0111232500886262,-0.7962053565147402,0,1
0.8368434480161153,-0.541532242698322,0,0
-0.41400901891868147,0.021316795109367268,0,1
0.8543138014517976,-0.8649585843254066,0,0
-0.9995006134113622,-0.026107701250011037,0,0
-0.14987577161922655,-0.07276317037136835,2,0
-1.959026143146257,1.169646473723828,0,0
-0.7510801633317882,-1.9360868839834893,1,0
-1.2547364316795455,0.6866483806936885,1,0
-1.8041809172138303,-0.2513608475962636,1,0
1.5151191381724403,-0.470958072166324,0,1
-0.6151100702358576,-0.7069033255293157,0,0
2.4741755062941846,0.804938536164418,0,0
0.12300178825749354,-0.20451990607239978,2,1
1.088904118983488,0.06633212952616149,0,1
-0.43135024301898944,-1.2507677201930412,0,0
0.2315685038022439,-1.627395377458108,1,1
1.3799560402656097,2.0590056570629054,0,0
0.26160044079903666,-0.2821645224001068,0,1
1.030557880697877,0.1711560946500921,0,0
0.5592057676355081,1.0885061938116498,0,0
0.7230014006145911,-0.6714537166416564,0,0
-0.18342910856663605,0.6742918755070808,0,0
-1.0706453042351474,-1.362631072644017,0,0
1.861388254220028,-0.9520739429167071,0,1
-2.2710896164806558,-0.05715103688841211,0,0
-1.5641130379460402,2.207764753721503,0,0
-1.210070503255206,-1.498601033614594,0,0
3.8329893839229907,-0.9432937843662743,0,0
2.6570206325526344,0.7308066290579834,0,0
-0.8193612507054207,-0.5657325097716448,0,0
1.2088843569169652,0.7632567264872115,0,1
2.1937141520011703,-0.7043342634769113,0,0
-1.1363388299377746,-1.8803167298137826,3,0
-0.18650647928968914,-0.42529496742044903,3,1
-0.42262759591205656,1.5830200710840976,0,0
-1.4237176448690516,-1.332110721642953,1,0
0.4477974357925174,1.3662676388879897,0,0
2.360235747273869,-0.1613783258142715,0,0
-0.32241849525450555,-1.8657129749685293,0,0
-1.2868558302563802,-2.9622532850202044,0,0
-0.6930151131386005,0.5292130734220375,0,0
1.3604518273816626,-0.6853822505353941,3,1
-0.6324799689794595,-0.934672979239726,0,1
1.2305548799332067,-0.8036924104308829,0,1
0.8166632462253408,-1.6072571507367366,0,0
-2.9114116519083555,0.6421719946191737,0,0
0.6853882521330606,-1.758605972218402,1,0
1.6770549315663643,-0.7247877038220873,2,0
1.0208954149262779,-0.026740943718886516,1,1
-0.032151156019315265,-0.4005968984206808,0,1
-2.635081057950132,1.09394881979825,0,0
-0.628069543317383,-0.8951928975320779,0,1
1.5474897230020408,-1.1502125632392222,0,1
2.2072290238141212,-0.038978150576851424,0,1
-2.1919279446498914,0.5153799414321912,0,1
-0.7708591923268189,-1.0990642521125913,0,1
-1.098998935852127,-0.8442211920052836,0,0
-1.0432849177489378,-1.7274604178502275,3,1
0.17505689285935574,1.2631986834281894,0,0
0.1700374372291988,-0.08870665985681099,0,1
-1.0935095988390369,2.1431601622117213,0,0
-1.3658869291011868,-0.16771391940780606,0,0
-2.501071449474408,-0.6824121924811152,0,0
1.626944813393017,-0.0428509618907446,0,0
-1.6754290111322034,-0.3282190359309923,0,0
-2.525817050766147,0.5629969592821582,0,0
-1.6916497790902507,0.7021569520813222,0,1
0.33655491987063096,-0.12278821613345017,0,1
-0.9619473944487825,-2.590064018764653,0,0
-0.02612029878017901,0.46941708288463696,0,0
-0.8542644205289551,-2.0557692609704,0,0
0.1702857074470647,-1.2219862552656486,0,1
-0.8368951385879005,-0.9686869278818653,0,0
3.101940311577243,0.9908662105975867,0,0
-0.8940621801272948,-0.06371639787300196,0,0
2.519518506138668,0.4263202115915537,0,1
0.6537275370918328,-2.6768991568650646,1,1
-1.1390781122715645,-1.7070657261630948,0,1
0.33937148295595687,0.4345107592746557,3,0
0.13917163510564384,-0.3164868405541705,0,0
0.22926301454559214,-1.3121457524954143,0,1
-0.8002685001818226,1.109905020832457,0,0
-0.47811328711787565,-0.2853052333752939,0,0
-1.202291626131518,-1.0803264237379562,0,1
-0.790911558997064,-1.1051020094983293,0,1
-2.0521512332893304,1.1696949975905426,0,0
1.3494049542245303,-0.22102094805453917,0,1
2.2392638619040914,1.5796114591498835,0,0
0.49073564045279255,0.9832429287752718,0,0
1.5970655969189664,-0.16062618580957824,3,0
-1.3615444900176963,-1.5856250209842007,0,1
1.6234200335252478,-0.5379227928524353,0,0
1.1271340307767082,-0.08747543523418053,0,1
-0.7538123486290806,-1.6002102658599484,0,0
-1.8719879864840774,1.4328973064359825,0,0
0.21649156050396015,-0.47187744755189187,3,1
0.2959424664405478,-0.7552131434257126,0,1
-0.4064527620903703,0.7421419970852287,0,0
-0.8960557413828659,-0.5776670029279125,0,1
-0.5611056464924545,-0.6351359787421667,0,0
1.5833549704635503,0.06498842359755744,0,1
-1.9577115836446697,1.112721961591062,0,0
-2.7456783279402828,0.5387954782413205,0,1
0.17645092594658116,0.21926381125401212,0,1
2.59637292962293,0.7574882573082858,0,0
-0.6351918643719411,0.4063076096124144,0,0
1.383983143116903,1.814926346800613,0,0
-2.443655269400975,0.2789319210466105,0,0
-0.7960813050358672,-0.3003760461096855,0,1
-0.3978157997991771,0.512373783616883,2,0
-1.624975475916277,-0.15550434959297907,0,0
-0.09398963115533031,-2.1270217807405856,0,1
-1.5552920008565472,1.5638618576721743,0,1
-0.9695781034911158,-0.00966760164748983,0,1
1.5082209387314063,1.9258570519050797,0,0
-1.0026984866710844,-0.2508392693956145,0,0
1.1049580089873365,-0.9536597247104766,0,1
-1.3812105239943504,-0.2826440911391401,0,0
-0.7616471338410298,-1.156039583150283,3,1
1.131431654178007,0.729629318273312,0,0
-0.7505757792408589,-1.221786867070164,0,1
-1.266459290156984,0.47547674414076363,0,0
-0.911772839993842,-0.8698218947991702,0,0
-1.0243223854718915,1.883653476756665,0,0
2.056305276975336,0.47660079831314833,0,0
-1.749956369918233,-0.07457943909051888,0,0
0.8215826036787026,-2.0397780365915317,1,0
-1.3867245661049492,-0.08041384814336257,0,0
0.45513627454273176,1.882817300338033,0,0
2.2176157893417137,0.9283443030268294,0,0
1.5150856644833397,0.1742869716318913,0,1
0.6032580396572429,-1.4115365014262888,0,0
0.1307215092281586,1.3448838377099679,0,0
-0.9662673798315128,0.5754600379463694,0,0
0.9384392221927309,-1.7886214033397791,1,1
3.3474866951268516,-0.5106969119913707,0,0
-1.2578122837397718,-0.12808643595172767,0,0
-0.21796241250681447,-1.2170770332820415,0,1
0.8716961375966977,2.0708295038643776,0,0
-1.2767642210399595,0.9831596454192932,0,1
0.11835378870734853,0.9970778719918223,0,0
-0.8925467604646267,0.26457102856652487,1,0
0.5048850919720771,-0.9212963252942176,0,1
-0.19069613697285842,0.3050569951829276,0,0
-0.05969987813156451,0.2695140029179268,0,1
-0.5494932458852656,0.14924895916288328,0,0
0.6840254812000344,-0.5363297017715052,0,1
0.3649513217327798,-0.6334936737400477,0,1
1.0442921373681806,1.286670854109668,0,0
3.4328620504964293,0.2828776115523003,0,1
0.16979673928401412,-1.0051966180763419,0,0
-1.8409888634861173,-0.18393514207561726,0,0
-0.9360092745981993,1.8217092983183922,0,0
-2.735934022771369,0.9909218054826877,0,0
-2.3237953621039584,0.7768574690472325,0,0
-2.1155630548106603,1.0250499485382671,0,0
-0.3953983712930504,-0.0616610718181589,0,0
0.4376081270624737,1.5285214998100038,0,0
1.7520302090867135,-0.424931275114629,0,0
-0.00016831068424421665,-2.394181125009935,0,1
1.728303989587469,-0.33658759776024366,0,0
-1.183705653530909,-2.3328791496172014,0,1
-1.3786645099142982,0.6003065450612102,0,0
-0.38368759277245706,-0.30477894402371636,0,1
0.1702510602596145,-0.9001455341339999,0,0
-1.2728676089885969,0.199093012193437,0,0
-0.46666318682000507,0.07302112863926406,1,0
1.234855861983022,-0.016086270791369345,0,1
1.3966294725746076,0.9624766962235634,0,0
1.6014447913166006,-0.1725605489410529,0,0
-0.8786763829825561,0.4580816236859791,0,1
1.3798655164132252,0.20990844526606028,0,0
2.147005082792256,0.5230380778811089,0,0
1.088785105461587,-0.42058428862404623,3,0
-1.5748830894641916,-0.7682202797602404,0,0
1.212394021933481,0.8632829684292173,0,0
0.11630466644411054,-0.7473732947345366,0,0
1.2690773260606507,0.9466415078554566,0,0
0.7698446567795316,1.932067683794373,0,0
1.4094440170739992,-0.9622970062332898,0,0
-0.6962780135012934,1.5317478002434926,0,0
-1.6517626658918427,-0.014265645831408116,0,0
-1.778167682056957,-1.3441490559807046,3,0
1.671455053960318,-0.5014985921693689,0,1
-1.6875469807003947,-0.7656513197838547,0,0
1.8504166482081992,0.10554723703966427,0,0
1.1107876031155366,-0.6510291269395052,0,1
-0.4839893605290353,1.1095454165699936,2,0
-0.19436059650956453,-0.5663167944546037,0,0
-0.9924595086056685,0.01079848548307992,0,0
0.2931367195717062,-1.980435410570663,1,1
-1.4202760482741559,1.6384018869954862,2,0
-1.8537110310652165,-0.7853023158828993,0,0
2.0994408704356857,0.31217022678253237,0,0
1.39440425692566,0.9506061932934634,0,0
2.535747505377175,-0.9048839347968749,0,0
1.040149006523596,1.3793671100287994,0,0
0.8007907100481692,0.3542819583372793,0,0
0.07300074617938064,1.5241620867830408,0,0
-1.0276501976734593,-1.2995600346767875,3,1
1.3041372098037332,0.42567132809306035,0,0
-1.4948683101458975,0.25197547026283473,0,0
-1.1386821820038864,-0.7296014016844743,0,1
-0.05501450047593412,1.0050758509933992,0,0
1.558627464772288,-0.9715988033287966,0,0
0.7981570303352792,-0.4506835798501745,0,0
4.513574522437744,-0.030072203285971075,0,0
1.1232966032559821,-1.0168326922826183,0,0
-1.980616735378396,0.7058204845945184,0,0
-0.8107124550583003,0.8109759145633076,0,0
1.8796272300929404,0.6793971016911737,0,0
